0,CLEAR DIALOG HISTORY,*,*,Cleared.#Newline<think>#Newline<set name="response1"/>#Newline<set name="request1"/>#Newline<set name="response2"/>#Newline<set name="request2"/>#Newline<set name="response3"/>#Newline<set name="request3"/>#Newline<set name="response4"/>#Newline<set name="request4"/>#Newline<set name="response5"/>#Newline<set name="request5"/>#Newline<set name="response6"/>#Newline<set name="request6"/>#Newline<set name="response7"/>#Newline<set name="request7"/>#Newline<set name="response8"/>#Newline<set name="request8"/>#Newline<set name="response9"/>#Newline<set name="request9"/>#Newline<set name="response10"/>#Newline<set name="request10"/>#Newline<set name="response11"/>#Newline<set name="request11"/>#Newline<set name="response12"/>#Newline<set name="request12"/>#Newline<set name="response13"/>#Newline<set name="request13"/>#Newline<set name="response14"/>#Newline<set name="request14"/>#Newline<set name="response15"/>#Newline<set name="request15"/>#Newline<set name="response16"/>#Newline<set name="request16"/>#Newline<set name="response17"/>#Newline<set name="request17"/>#Newline<set name="response18"/>#Newline<set name="request18"/>#Newline<set name="response19"/>#Newline<set name="request19"/>#Newline<set name="response20"/>#Newline<set name="request20"/>#Newline<set name="response21"/>#Newline<set name="request21"/>#Newline<set name="response22"/>#Newline<set name="request22"/>#Newline<set name="response23"/>#Newline<set name="request23"/>#Newline<set name="response24"/>#Newline<set name="request24"/>#Newline<set name="response25"/>#Newline<set name="request25"/>#Newline<set name="response26"/>#Newline<set name="request26"/>#Newline<set name="response27"/>#Newline<set name="request27"/>#Newline<set name="response28"/>#Newline<set name="request28"/>#Newline<set name="response29"/>#Newline<set name="request29"/>#Newline<set name="response30"/>#Newline<set name="request30"/>#Newline<set name="response31"/>#Newline<set name="request31"/>#Newline</think>,dialog.aiml
0,XEXCHANGE *,*,*,<think>Badly formatted dialog exchage: <star/></think>,dialog.aiml
0,XEXCHANGE * XHUMAN * XBOT SENDING TRANSCRIPT *,*,*,<think>Badly formatted dialog exchage: <star/></think>,dialog.aiml
0,XEXCHANGE * XHUMAN * XBOT *,*,*,<think>#Newline<set name="request"><star index="2"/></set>#Newline<set name="response"><star index="3"/></set>#Newline</think>#Newline<condition name="request"><li value="unknown"/>#Newline<li><get name="name"/>: <get name="request"/>#Newline<bot name="name"/>: <get name="response"/></li>#Newline</condition>,dialog.aiml
0,DIALOG HISTORY,*,*,<srai>XEXCHANGE request31 XHUMAN  <request index="31"/> XBOT <response index="31"/></srai>#Newline<srai>XEXCHANGE request30 XHUMAN  <request index="30"/> XBOT <response index="30"/></srai>#Newline<srai>XEXCHANGE request29 XHUMAN  <request index="29"/> XBOT <response index="29"/></srai>#Newline<srai>XEXCHANGE request28 XHUMAN  <request index="28"/> XBOT <response index="28"/></srai>#Newline<srai>XEXCHANGE request27 XHUMAN  <request index="27"/> XBOT <response index="27"/></srai>#Newline<srai>XEXCHANGE request26 XHUMAN  <request index="26"/> XBOT <response index="26"/></srai>#Newline<srai>XEXCHANGE request25 XHUMAN  <request index="25"/> XBOT <response index="25"/></srai>#Newline<srai>XEXCHANGE request24 XHUMAN  <request index="24"/> XBOT <response index="24"/></srai>#Newline<srai>XEXCHANGE request23 XHUMAN  <request index="23"/> XBOT <response index="23"/></srai>#Newline<srai>XEXCHANGE request22 XHUMAN  <request index="22"/> XBOT <response index="22"/></srai>#Newline<srai>XEXCHANGE request21 XHUMAN  <request index="21"/> XBOT <response index="21"/></srai>#Newline<srai>XEXCHANGE request20 XHUMAN  <request index="20"/> XBOT <response index="20"/></srai>#Newline<srai>XEXCHANGE request19 XHUMAN  <request index="19"/> XBOT <response index="19"/></srai>#Newline<srai>XEXCHANGE request18 XHUMAN  <request index="18"/> XBOT <response index="18"/></srai>#Newline<srai>XEXCHANGE request17 XHUMAN  <request index="17"/> XBOT <response index="17"/></srai>#Newline<srai>XEXCHANGE request16 XHUMAN  <request index="16"/> XBOT <response index="16"/></srai>#Newline<srai>XEXCHANGE request15 XHUMAN  <request index="15"/> XBOT <response index="15"/></srai>#Newline<srai>XEXCHANGE request14 XHUMAN  <request index="14"/> XBOT <response index="14"/></srai>#Newline<srai>XEXCHANGE request13 XHUMAN  <request index="13"/> XBOT <response index="13"/></srai>#Newline<srai>XEXCHANGE request12 XHUMAN  <request index="12"/> XBOT <response index="12"/></srai>#Newline<srai>XEXCHANGE request11 XHUMAN  <request index="11"/> XBOT <response index="11"/></srai>#Newline<srai>XEXCHANGE request10 XHUMAN  <request index="10"/> XBOT <response index="10"/></srai>#Newline<srai>XEXCHANGE request9 XHUMAN  <request index="9"/> XBOT <response index="9"/></srai>#Newline<srai>XEXCHANGE request8 XHUMAN  <request index="8"/> XBOT <response index="8"/></srai>#Newline<srai>XEXCHANGE request7 XHUMAN  <request index="7"/> XBOT <response index="7"/></srai>#Newline<srai>XEXCHANGE request6 XHUMAN  <request index="6"/> XBOT <response index="6"/></srai>#Newline<srai>XEXCHANGE request5 XHUMAN  <request index="5"/> XBOT <response index="5"/></srai>#Newline<srai>XEXCHANGE request4 XHUMAN  <request index="4"/> XBOT <response index="4"/></srai>#Newline<srai>XEXCHANGE request3 XHUMAN  <request index="3"/> XBOT <response index="3"/></srai>#Newline<srai>XEXCHANGE request2 XHUMAN  <request index="2"/> XBOT <response index="2"/></srai>#Newline<srai>XEXCHANGE request1 XHUMAN  <request index="1"/> XBOT <response index="1"/></srai>,dialog.aiml
0,TEST REQUEST *,*,*,request 1 = <request/>.#Newlinerequest 2 = <request index="2"/>.#Newlinerequest 3 = <request index="3"/>.,dialog.aiml
