0,SEND RSVP TO *,*,*,I'm sending an RSVP to <star/>.#Newline<think>#Newline<addtriple><subj><star/></subj><pred>has</pred><obj>RSVP</obj></addtriple>#Newline<addtriple><subj><star/></subj><pred>status</pred><obj>not responded</obj></addtriple>#Newline</think>,rsvp.aiml
0,WHO HAS AN RSVP,*,*,<think>#Newline<set var="tuples">#Newline<select><vars>?x</vars><q><subj>?x</subj><pred>has</pred><obj>RSVP</obj></q></select>#Newline</set>#Newline</think>#Newline<condition var="tuples">#Newline  <li value="NIL"/>#Newline  <li><get var="?x"><tuple><first><get var="tuples"/></first></tuple></get>#Comma#Newline  <think>#Newline      <set var="tuples"><rest><get var="tuples"/></rest></set>#Newline  </think> <loop/></li>#Newline</condition>,rsvp.aiml
0,RSVP STATUS,*,*,<think>#Newline<set var="tuples">#Newline<select><vars>?x ?status</vars><q><subj>?x</subj><pred>status</pred><obj>?status</obj></q></select>#Newline</set>#Newline</think>#Newline<condition var="tuples">#Newline  <li value="NIL"/>#Newline  <li><get var="?x"><tuple><first><get var="tuples"/></first></tuple></get> -- <get var="?status"><tuple><first><get var="tuples"/></first></tuple></get> #Newline  <think>#Newline      <set var="tuples"><rest><get var="tuples"/></rest></set>#Newline  </think> <loop/></li>#Newline</condition>,rsvp.aiml
0,<SET>NAME</SET> IS ATTENDING,*,*,Setting <star/>'s RSVP status to "attending".#Newline<think>#Newline<deletetriple><subj><star/></subj><pred>status</pred><obj>not responded</obj></deletetriple>#Newline<addtriple><subj><star/></subj><pred>status</pred><obj>attending</obj></addtriple>#Newline</think>,rsvp.aiml
0,<SET>NAME</SET> IS NOT ATTENDING,*,*,Setting <star/>'s RSVP status to "not attending".#Newline<think>#Newline<deletetriple><subj><star/></subj><pred>status</pred><obj>not responded</obj></deletetriple>#Newline<addtriple><subj><star/></subj><pred>status</pred><obj>not attending</obj></addtriple>#Newline</think>,rsvp.aiml
