0,GENSYM,*,*,<condition name="symcount">#Newline<li value="unknown">symbol<set name="symcount">0</set></li>#Newline<li>symbol<set name="symcount"><map name="successor"><get name="symcount"/></map></set></li>#Newline</condition>,triple.aiml
0,I HAVE A <SET>COLOR</SET> *,*,*,<think>#Newline<set var="color"><star/></set>#Newline<set var="noun"><star index="2"/></set>#Newline<set var="symbol"><srai>GENSYM</srai></set>#Newline<set var="obj"><star index="2"/></set>#Newline<set var="description">a <star/> <star index="2"/></set>#Newline<addtriple><subj><id/></subj><pred>has</pred><obj><get var="symbol"/></obj></addtriple>#Newline<addtriple><subj><get var="symbol"/></subj><pred>hasColor</pred><obj><get var="color"/></obj></addtriple>#Newline<addtriple><subj><get var="symbol"/></subj><pred>hasDescription</pred><obj><get var="description"/></obj></addtriple>#Newline<addtriple><subj><get var="symbol"/></subj><pred>isA</pred><obj><get var="obj"/></obj></addtriple>#Newline</think>#Newline<star/> is a nice color of <star index="2"/>.,triple.aiml
0,WHAT DO I HAVE ^,*,*,<set var="tuples"><select><vars>?sym</vars><q><subj><id/></subj><pred>has</pred><obj>?sym</obj></q></select></set>#Newline<condition var="tuples">#Newline  <li value="NIL">I don't know.  What do you have?</li>#Newline  <li><condition var="tuples">#Newline<li value="NIL"/>#Newline<li><think><set var="head"><first><get var="tuples"/></first></set><set var="tuples"><rest><get var="tuples"/></rest></set></think><uniq><subj><get var="?sym"><tuple><get var="head"/></tuple></get></subj><pred>hasDescription</pred><obj>?description</obj></uniq><condition var="tuples"><li value="NIL"/><li>#Comma</li></condition> <loop/></li>#Newline</condition>#Newline  </li>#Newline</condition>,triple.aiml
0,WHAT COLOR IS MY *,*,*,<think>#Newline<set var="tuples">#Newline<select><vars>?color</vars>#Newline<q><subj><id/></subj><pred>has</pred><obj>?sym</obj></q>#Newline<q><subj>?sym</subj><pred>isA</pred><obj><star/></obj></q>#Newline<q><subj>?sym</subj><pred>hasColor</pred><obj>?color</obj></q>#Newline</select>#Newline</set>#Newline</think>#Newline<condition var="tuples">#Newline<li value="NIL">You have a <star/>?</li>#Newline<li><get var="?color"><tuple><first><get var="tuples"/></first></tuple></get>.</li>#Newline</condition>,triple.aiml
0,WHAT <SET>COLOR</SET> ^ DO I HAVE,*,*,<think>#Newline<set var="tuples">#Newline<select><vars>?obj</vars>#Newline<q><subj><id/></subj><pred>has</pred><obj>?sym</obj></q>#Newline<q><subj>?sym</subj><pred>hasColor</pred><obj><star/></obj></q>#Newline<q><subj>?sym</subj><pred>isA</pred><obj>?obj</obj></q>#Newline</select>#Newline</set>#Newline</think>#Newline<condition var="tuples">#Newline  <li value="NIL">Nothing that I know of.</li>#Newline  <li>Your <get var="?obj"><tuple><first><get var="tuples"/></first></tuple></get>.</li>#Newline</condition>,triple.aiml
0,<SET>ENTITY</SET>,*,*,<star/> is an enity.,triple.aiml
0,SIZE TABLE,*,*,<think><set var="size">0</set></think>#Newline<condition var="size">#Newline<li value="16"/>#Newline<li><get var="size"/>:#Newline<think>#Newline<set var="items"><select><vars>?x</vars><q><subj>?x</subj><pred>hasSize</pred><obj><get var="size"/></obj></q></select></set>#Newline<set var="size"><map><name>successor</name><get var="size"/></map></set>#Newline</think>#Newline<condition var="items">#Newline<li value="NIL"/>#Newline<li><think>#Newline<set var="head"><first><get var="items"/></first></set>#Newline<set var="items"><rest><get var="items"/></rest></set>#Newline</think>"<get var="?x"><tuple><get var="head"/></tuple></get>"<srai>COMMAFY <get var="items"/></srai> <loop/></li>#Newline</condition>#Newline<loop/></li>#Newline</condition>,triple.aiml
0,COMMAFY NIL,*,*,<template/>,triple.aiml
0,COMMAFY *,*,*,#Comma,triple.aiml
0,UNIQ TEST,*,*,<uniq><subj>York</subj><pred>isa</pred><obj>?object</obj></uniq>,triple.aiml
0,UNIQ TEST 2,*,*,<addtriple><subj>10099</subj><pred>hasFirstName</pred><obj>Alan</obj></addtriple>#Newline<addtriple><subj>10099</subj><pred>hasLastName</pred><obj>Turing</obj></addtriple>#Newline<addtriple><subj>10099</subj><pred>hasMobileNumber</pred><obj>2125551212</obj></addtriple>#Newline<set var="id">#Newline<uniq><subj>?id</subj><pred>hasFirstName</pred><obj>Alan</obj></uniq>#Newline</set>#Newline<uniq><subj><get var="id"/></subj><pred>hasMobileNumber</pred><obj>?number</obj></uniq>,triple.aiml
0,UNIQ TEST 3,*,*,<addtriple><subj>X</subj><pred>Y</pred><obj>Z</obj></addtriple>#Newline  <set var="uniqvar">?x</set>#Newline  <uniq><subj><get var="uniqvar"/></subj><pred>Y</pred><obj>Z</obj></uniq>,triple.aiml
0,WHAT IS THE PURPOSE OF *,*,*,<think>#Newline<set var="purpose">#Newline<uniq><subj><star/></subj><pred>hasPurpose</pred><obj>?purpose</obj></uniq>#Newline</set>#Newline</think>#Newline<condition var="purpose">#Newline<li value="unknown">I don't know what <star/> is for.</li>#Newline<li><get var="purpose"/></li>#Newline</condition>,triple.aiml
0,ADDTRIPLE TEST,*,*,Adding triples:#Newline<addtriple><subj>Sacramento</subj><pred>capitalOf</pred><obj>California</obj></addtriple>#Newline<addtriple><subj>Austin</subj><pred>capitalOf</pred><obj>Texas</obj></addtriple>#Newline<addtriple><subj>Reno</subj><pred>capitalOf</pred><obj>Nevada</obj></addtriple>#Newline<addtriple><subj>Austin</subj><pred>capitalOf</pred><obj>Texas</obj></addtriple>#Newline<addtriple><subj>Los Angeles</subj><pred>capitalOf</pred></addtriple>,triple.aiml
0,DELETETRIPLE TEST,*,*,Adding triples:#Newline<addtriple><subj>FIDO</subj><pred>ISA</pred><obj>DOG</obj></addtriple>#Newline<addtriple><subj>ROVER</subj><pred>ISA</pred><obj>DOG</obj></addtriple>#Newline<addtriple><subj>SNOOPY</subj><pred>ISA</pred><obj>DOG</obj></addtriple>#NewlineSelect:#Newline<select><vars>?x ?y</vars><q><subj>?x</subj><pred>?y</pred><obj>DOG</obj></q></select>#NewlineDeleting triples:#Newline<deletetriple><subj>FIDO</subj><pred>ISA</pred><obj>DOG</obj></deletetriple>#Newline<deletetriple><subj>ROVER</subj><pred>ISA</pred><obj>DOG</obj></deletetriple>#Newline<deletetriple><subj>REX</subj><pred>ISA</pred><obj>DOG</obj></deletetriple>#Newline<deletetriple><subj>FIDO</subj><obj>DOG</obj></deletetriple>#NewlineSelect:#Newline<select><vars>?x ?y</vars><q><subj>?x</subj><pred>?y</pred><obj>DOG</obj></q></select>,triple.aiml
0,WHICH IS LARGER ^ <SET>ENTITY</SET> OR ^ <SET>ENTITY</SET>,*,*,<think>#Newline<set var="larger"><srai>LARGEROF <star index="2"/> AND <star index="4"/></srai></set>#Newline</think>#Newline<condition var="larger">#Newline<li value="unknown">I can't tell which one is larger.</li>#Newline<li value="same">They are about the same size.</li>#Newline<li><formal><get var="larger"/></formal> is larger.</li>#Newline</condition>,triple.aiml
0,WHICH IS FASTER <SET>ENTITY</SET> OR <SET>ENTITY</SET>,*,*,<think>#Newline<set var="faster"><srai>FASTEROF <star/> AND <star index="2"/></srai></set>#Newline</think>#Newline<condition var="faster">#Newline<li value="unknown">I can't tell which one is faster.</li>#Newline<li value="same">They are about the same speed.</li>#Newline<li><formal><get var="faster"/></formal> is faster.</li>#Newline</condition>,triple.aiml
0,ALL ISA,*,*,<set var="tuples">#Newline<select>#Newline<vars>?x ?y ?z ?w</vars>#Newline<q><subj>?x</subj><pred>isa</pred><obj>?y</obj></q>#Newline<q><subj>?y</subj><pred>isa</pred><obj>?z</obj></q>#Newline<q><subj>?z</subj><pred>isa</pred><obj>?w</obj></q>#Newline</select>#Newline</set>#Newline<condition var="tuples">#Newline<li value="NIL"/>#Newline<li><think>#Newline<set var="head"><first><get var="tuples"/></first></set>#Newline<set var="tuples"><rest><get var="tuples"/></rest></set>#Newline</think>#Newline<get var="?x"><tuple><get var="head"/></tuple></get> --&gt; <get var="?y"><tuple><get var="head"/></tuple></get> --&gt; <get var="?z"><tuple><get var="head"/></tuple></get> --&gt; <get var="?w"><tuple><get var="head"/></tuple></get> <loop/></li>#Newline</condition>,triple.aiml
0,SELECT TEST,*,*,<set var="tuples">#Newline<select>#Newline<vars>?x</vars>#Newline<q><subj>?x</subj><pred>hasSize</pred><obj>7</obj></q>#Newline<q><subj>?x</subj><pred>lifeArea</pred><obj>Physical</obj></q>#Newline</select>#Newline</set>#Newline<condition var="tuples">#Newline<li value="NIL"/>#Newline<li><think>#Newline<set var="head"><first><get var="tuples"/></first></set>#Newline<set var="tuples"><rest><get var="tuples"/></rest></set>#Newline</think>#Newline<get var="?x"><tuple><get var="head"/></tuple></get> <loop/></li>#Newline</condition>,triple.aiml
0,SELECT TEST NOTQ,*,*,<set var="tuples">#Newline<select>#Newline<vars>?x</vars>#Newline<notq><subj>?x</subj><pred>isa</pred><obj>Person</obj></notq>#Newline</select>#Newline</set>,triple.aiml
0,SELECT TEST NOT,*,*,<set var="tuples">#Newline<select>#Newline<vars>?x</vars>#Newline<q><subj>?x</subj><pred>hasSize</pred><obj>7</obj></q>#Newline<notq><subj>?x</subj><pred>isa</pred><obj>Person</obj></notq>#Newline</select>#Newline</set>#Newline<condition var="tuples">#Newline<li value="NIL"/>#Newline<li><think>#Newline<set var="head"><first><get var="tuples"/></first></set>#Newline<set var="tuples"><rest><get var="tuples"/></rest></set>#Newline</think>#Newline<get var="?x"><tuple><get var="head"/></tuple></get> <loop/></li>#Newline</condition>,triple.aiml
0,SELECT TEST NOT 2,*,*,<set var="tuples">#Newline<select>#Newline<vars>?x</vars>#Newline<q><subj>?x</subj><pred>hasSize</pred><obj>7</obj></q>#Newline<notq><subj>?x</subj><pred>isa</pred><obj>Person</obj></notq>#Newline<notq><subj>?x</subj><pred>isa</pred><obj>Parent</obj></notq>#Newline<notq><subj>?x</subj><pred>lifeArea</pred><obj>Family</obj></notq>#Newline</select>#Newline</set>#Newline<condition var="tuples">#Newline<li value="NIL"/>#Newline<li><think>#Newline<set var="head"><first><get var="tuples"/></first></set>#Newline<set var="tuples"><rest><get var="tuples"/></rest></set>#Newline</think>#Newline<get var="?x"><tuple><get var="head"/></tuple></get> <loop/></li>#Newline</condition>,triple.aiml
0,SELECT TEST NOT 3,*,*,<set var="tuples">#Newline<select>#Newline<vars>?x</vars>#Newline<q><subj>?x</subj><pred>hasSize</pred><obj>7</obj></q>#Newline<q><subj>?x</subj><pred>isa</pred><obj>?y</obj></q>#Newline<notq><subj>?y</subj><pred>isa</pred><obj>Person</obj></notq>#Newline<notq><subj>?x</subj><pred>isa</pred><obj>Person</obj></notq>#Newline</select>#Newline</set>#Newline<condition var="tuples">#Newline<li value="NIL"/>#Newline<li><think>#Newline<set var="head"><first><get var="tuples"/></first></set>#Newline<set var="tuples"><rest><get var="tuples"/></rest></set>#Newline</think>#Newline<get var="?x"><tuple><get var="head"/></tuple></get> <loop/></li>#Newline</condition>,triple.aiml
0,SELECT TEST 3,*,*,<set var="tuples">#Newline<select>#Newline<vars>?entity ?lifeArea ?purpose</vars>#Newline<q><subj>?entity</subj><pred>lifeArea</pred><obj>?lifeArea</obj></q>#Newline<q><subj>?entity</subj><pred>hasPurpose</pred><obj>?purpose</obj></q>#Newline<q><subj>?entity</subj><pred>isA</pred><obj>plant</obj></q>#Newline</select>#Newline</set>#Newline<condition var="tuples">#Newline<li value="NIL"/>#Newline<li><think><set var="head"><first><get var="tuples"/></first></set><set var="tuples"><rest><get var="tuples"/></rest></set></think>#Newline["<get var="?entity"><tuple><get var="head"/></tuple></get>"#Comma#Newline"<get var="?lifeArea"><tuple><get var="head"/></tuple></get>"#Comma#Newline"<get var="?purpose"><tuple><get var="head"/></tuple></get>"] <loop/></li>#Newline</condition>,triple.aiml
0,SELECT TEST 2,*,*,<set var="tuples">#Newline<select>#Newline<vars>?x</vars>#Newline<q><subj>?x</subj><pred>hasSize</pred><obj>7</obj></q>#Newline<q><subj>?x</subj><pred>lifeArea</pred><obj>Physical</obj></q>#Newline<q><subj>?x</subj><pred>isa</pred><obj>Person</obj></q>#Newline</select>#Newline</set>#Newline<condition var="tuples">#Newline<li value="NIL"/>#Newline<li><think>#Newline<set var="head"><first><get var="tuples"/></first></set>#Newline<set var="tuples"><rest><get var="tuples"/></rest></set>#Newline</think>#Newline<get var="?x"><tuple><get var="head"/></tuple></get> <loop/></li>#Newline</condition>,triple.aiml
0,* IS <SET>ERDOWN</SET> THAN *,*,*,<think><set var="erup"><star index="2"/></set>#Newline<set var="opposite"><map><name>opposite</name><get var="erup"/></map></set>#Newline<set var="thing1"><star/></set>#Newline<set var="thing2"><star index="3"/></set>#Newline</think>#Newline<srai><get var="thing2"/> IS <get var="opposite"/> THAN <get var="thing1"/></srai>,triple.aiml
0,<SET>NAME</SET> IS <SET>ERUP</SET> THAN *,*,*,<think><set var="erup"><star index="2"/></set>#Newline<set var="thing1"><star/></set>#Newline<set var="thing2"><star index="3"/></set>#Newline</think>#NewlineSo <get var="thing2"/> is <map><name>opposite</name><get var="erup"/></map> than <get var="thing1"/>?#Newline<think>#Newline<addtriple><subj><get var="thing1"/></subj><pred><get var="erup"/> than</pred><obj><get var="thing2"/></obj></addtriple>#Newline</think>,triple.aiml
0,<SET>NAME</SET> IS <SET>ERDOWN</SET> THAN *,*,*,<think><set var="erup"><star index="2"/></set>#Newline<set var="opposite"><map><name>opposite</name><get var="erup"/></map></set>#Newline<set var="thing1"><star/></set>#Newline<set var="thing2"><star index="3"/></set>#Newline</think>#Newline<srai><get var="thing2"/> IS <get var="opposite"/> THAN <get var="thing1"/></srai>,triple.aiml
0,GREEK TEST,*,*,<think>#Newline<srai>Socrates is older than Plato</srai>#Newline<srai>Plato is older than Aristotle</srai>#Newline</think>#NewlineWho is older Socrates or Plato? <srai>Who is older Socrates or Plato</srai>#NewlineWho is older Plato or Socrates? <srai>Who is older Plato or Socrates</srai>#NewlineWho is older Aristotle or Plato? <srai>Who is older Aristotle or Plato</srai>#NewlineWho is older Plato or Aritstotle? <srai>Who is older Plato or Aristotle</srai>#NewlineWho is older Socrates or Aristotle? <srai>Who is older Socrates or Aristotle</srai>#NewlineWho is older Aristotle or Socrates? <srai>Who is older Aristotle or Socrates</srai>#NewlineWho is younger Socrates or Aristotle? <srai>Who is younger Socrates or Aristotle</srai>#NewlineWho is younger Aristotle or Socrates? <srai>Who is younger Aristotle or Socrates</srai>,triple.aiml
0,WHICH IS <SET>ERUP</SET> * OR *,*,*,<think>#Newline<set var="er"><star/></set>#Newline<set var="pred"><star/> than</set>#Newline<set var="thing1"><star index="2"/></set>#Newline<set var="thing2"><star index="3"/></set>#Newline<set var="yescase"><srai>IS <get var="thing1"/> <get var="pred"/> <get var="thing2"/></srai></set>#Newline</think>#Newline<condition var="yescase">#Newline<li value="YES"><get var="thing1"/> is <get var="er"/>.</li>#Newline<li value="NO"><get var="thing2"/> is <get var="er"/>.</li>#Newline<li value="same">They are the same.</li>#Newline<li><sraix service="pannous">WHICH IS <star/> <star index="2"/> OR <star index="3"/></sraix></li>#Newline</condition>,triple.aiml
0,IS * <SET>ERDOWN</SET> THAN *,*,*,<think>#Newline<set var="er"><star index="2"/></set>#Newline<set var="pred"><star index="2"/> than</set>#Newline<set var="thing1"><star/></set>#Newline<set var="thing2"><star index="3"/></set>#Newline<set var="opposite"><map><name>opposite</name><get var="er"/></map></set>#Newline<set var="result"><srai>IS <get var="thing1"/> <get var="opposite"/> THAN <get var="thing2"/></srai></set>#Newline</think>#Newline<condition var="result">#Newline<li value="YES">No</li>#Newline<li value="NO">Yes</li>#Newline<li value="same">same</li>#Newline<li value="unknown">unknown</li>#Newline<li><get var="result"/></li>#Newline</condition>,triple.aiml
0,IS * <SET>ERUP</SET> THAN *,*,*,<think>#Newline<set var="er"><star index="2"/></set>#Newline<set var="pred"><star index="2"/> than</set>#Newline<set var="thing1"><star/></set>#Newline<set var="thing2"><star index="3"/></set>#Newline<set var="case1">#Newline<srai>APPEND #Newline<select><q><subj><get var="thing1"/></subj><pred><get var="pred"/></pred><obj><get var="thing2"/></obj></q></select>#Newline<select><vars>?x</vars>#Newline<q><subj><get var="thing1"/></subj><pred><get var="pred"/></pred><obj>?x</obj></q>#Newline<q><subj>?x</subj><pred><get var="pred"/></pred><obj><get var="thing2"/></obj></q>#Newline</select>#Newline</srai></set>#Newline<set var="case2">#Newline<srai>APPEND #Newline<select><q><subj><get var="thing2"/></subj><pred><get var="pred"/></pred><obj><get var="thing1"/></obj></q></select>#Newline#Newline<select><vars>?x</vars>#Newline<q><subj><get var="thing2"/></subj><pred><get var="pred"/></pred><obj>?x</obj></q>#Newline<q><subj>?x</subj><pred><get var="pred"/></pred><obj><get var="thing1"/></obj></q></select>#Newline</srai></set>#Newline</think>#Newline<condition var="thing1">#Newline<li><value><get var="thing2"/></value>same</li>#Newline<li>#Newline<condition var="case1">#Newline<li value="NIL">#Newline<condition var="case2">#Newline<li value="NIL">unknown</li>#Newline<li>No</li>#Newline</condition>#Newline</li>#Newline<li>#Newline<condition var="case2">#Newline<li value="NIL">Yes</li>#Newline<li>unknown</li>#Newline</condition>#Newline</li>#Newline</condition>#Newline</li>#Newline</condition>,triple.aiml
0,APPEND NIL *,*,*,<srai>APPEND <star/></srai>,triple.aiml
0,APPEND * NIL,*,*,<srai>APPEND <star/></srai>,triple.aiml
0,APPEND NIL NIL,*,*,NIL,triple.aiml
0,APPEND *,*,*,<star/>,triple.aiml
0,WHICH IS <SET>ERDOWN</SET> * OR *,*,*,<think>#Newline<set var="er"><star/></set>#Newline<set var="thing1"><star index="2"/></set>#Newline<set var="thing2"><star index="3"/></set>#Newline<set var="nocase"><srai>IS <get var="thing1"/> <map><name>opposite</name><get var="er"/></map> THAN <get var="thing2"/></srai></set>#Newline</think>#Newline<condition var="nocase">#Newline<li value="YES"><get var="thing2"/> is <get var="er"/>.</li>#Newline<li value="NO"><get var="thing1"/> is <get var="er"/>.</li>#Newline<li value="same">They are the same.</li>#Newline<li><sraix service="pannous">WHICH IS <star/> <star index="2"/> OR <star index="3"/></sraix></li>#Newline</condition>,triple.aiml
0,<SET>NAME</SET> IS TALLER THAN <SET>NAME</SET>,*,*,I will remember <star/> is taller than <star index="2"/>.#Newline<think><addtriple><subj><star/></subj><pred>taller than</pred><obj><star index="2"/></obj></addtriple></think>,triple.aiml
0,<SET>NAME</SET> DREAMS ABOUT *,*,*,<addtriple><subj><star/></subj><pred>dreams about</pred><obj><star index="2"/></obj></addtriple>#NewlineSaved triple: <star/>#Comma dreams about#Comma <star index="2"/>.,triple.aiml
0,WHO DREAMS,*,*,<think>#Newline<set var="tuples">#Newline<select><vars>?x</vars><q><subj>?x</subj><pred>dreams about</pred><obj>?y</obj></q></select>#Newline</set>#Newline</think>#Newline<condition value="NIL" var="tuples">I don't know who.</condition>#Newline<condition var="tuples">#Newline<li value="NIL"/>#Newline<li><think>#Newline<set var="head"><first><get var="tuples"/></first></set>#Newline<set var="tuples"><rest><get var="tuples"/></rest></set>#Newline</think>#Newline<get var="?x"><tuple><get var="head"/></tuple></get><condition var="tuples"><li value="NIL"/><li>#Comma</li></condition>#Newline<loop/>#Newline</li>#Newline</condition>,triple.aiml
0,WHAT DOES * DREAM ABOUT,*,*,<think><set var="tuples">#Newline<select>#Newline<vars>?x</vars><q><subj><star/></subj><pred>dreams about</pred><obj>?x</obj></q>#Newline</select>#Newline</set>#Newline</think>#Newline<condition value="NIL" var="tuples">I don't what <star/> dreams about.</condition>#Newline<condition var="tuples">#Newline<li value="NIL"/>#Newline<li>#Newline<think><set var="head"><first><get var="tuples"/></first></set>#Newline<set var="tuples"><rest><get var="tuples"/></rest></set>#Newline</think>#Newline<get var="?x"><tuple><get var="head"/></tuple></get><condition var="tuples"><li value="NIL"/><li>#Comma</li></condition> <loop/>#Newline</li>#Newline</condition>,triple.aiml
0,WHO DREAMS ABOUT *,*,*,<think><set var="tuples">#Newline<select>#Newline<vars>?x</vars><q><subj>?x</subj><pred>dreams about</pred><obj><star/></obj></q>#Newline</select>#Newline</set>#Newline</think>#Newline<condition value="NIL" var="tuples">I don't who dreams about <star/>.</condition>#Newline<condition var="tuples">#Newline<li value="NIL"/>#Newline<li>#Newline<think><set var="head"><first><get var="tuples"/></first></set>#Newline<set var="tuples"><rest><get var="tuples"/></rest></set>#Newline</think>#Newline<get var="?x"><tuple><get var="head"/></tuple></get><condition var="tuples"><li value="NIL"/><li>#Comma</li></condition> <loop/>#Newline</li>#Newline</condition>,triple.aiml
0,WHAT DOES <SET>NAME</SET> DO,*,*,<think><set var="tuples">#Newline<select>#Newline<vars>?x ?y</vars><q><subj><star/></subj><pred>?x</pred><obj>?y</obj></q>#Newline</select>#Newline</set>#Newline</think>#Newline<condition value="NIL" var="tuples">I don't what <star/> does.</condition>#Newline<condition var="tuples">#Newline<li value="NIL"/>#Newline<li>#Newline<think><set var="head"><first><get var="tuples"/></first></set>#Newline<set var="tuples"><rest><get var="tuples"/></rest></set>#Newline</think>#Newline<get var="?x"><tuple><get var="head"/></tuple></get> <get var="?y"><tuple><get var="head"/></tuple></get><condition var="tuples"><li value="NIL"/><li>#Comma</li></condition> <loop/>#Newline</li>#Newline</condition>,triple.aiml
0,GETPURPOSE *,*,*,<think>#Newline<set var="purpose">#Newline<first>#Newline<select>#Newline<vars>?x</vars>#Newline<q>#Newline<subj><star/></subj>#Newline<pred>hasPurpose</pred>#Newline<obj>?x</obj>#Newline</q>#Newline</select>#Newline</first>#Newline</set>#Newline</think>#NewlineFirst tuple = <get var="purpose"/>.#NewlineGet ?x from tuple = <get var="?x"><tuple><get var="purpose"/></tuple></get>.#Newline<condition var="purpose">#Newline<li value="NIL">I don't know what <star/> is for.</li>#Newline<li><get var="?x"><tuple><get var="purpose"/></tuple></get></li>#Newline</condition>,triple.aiml
0,WHAT AREA OF LIFE IS *,*,*,<think><set var="area">#Newline<select><vars>?x</vars>#Newline<q><subj><star/></subj><pred>lifeArea</pred><obj>?x</obj></q>#Newline</select>#Newline</set>#Newline</think>#Newline<condition var="area">#Newline<li value="NIL">I don't know what area <star/> belongs to.</li>#Newline<li><get var="?x"><tuple><get var="area"/></tuple></get></li>#Newline</condition>,triple.aiml
0,BOTHLIFEAREA *,*,*,They are both found in the <star/> area of life.,triple.aiml
0,BOTHLIFEAREA EDUCATION,*,*,They are both something you could learn about in school.,triple.aiml
0,BOTHLIFEAREA RECREATION,*,*,They are both something you might do for recreation.,triple.aiml
0,BOTHLIFEAREA PHYSICAL,*,*,They are both part of the physical world.,triple.aiml
0,BOTHLIFEAREA SPIRITUAL,*,*,They are both spiritual matters.,triple.aiml
0,BOTHLIFEAREA ENTERTAINMENT,*,*,They are both connected with entertainment.,triple.aiml
0,BOTHLIFEAREA FAMILY,*,*,They are both part of family life.,triple.aiml
0,BOTHLIFEAREA SOCIAL,*,*,They are both part of social life.,triple.aiml
0,ONELIFEAREA * *,*,*,<star index="2"/> is part of the <star/> area of life,triple.aiml
0,ONELIFEAREA EDUCATION *,*,*,<star/> is something you could learn about in school,triple.aiml
0,ONELIFEAREA RECREATION *,*,*,<star/> is something you might do for recreation,triple.aiml
0,ONELIFEAREA PHYSICAL *,*,*,<star/> is part of the physical world,triple.aiml
0,ONELIFEAREA SPIRITUAL *,*,*,<star/> is a spiritual matter,triple.aiml
0,ONELIFEAREA ENTERTAINMENT *,*,*,<star/> is connected with entertainment,triple.aiml
0,ONELIFEAREA FAMILY *,*,*,<star/> is part of family life,triple.aiml
0,ONELIFEAREA SOCIAL *,*,*,<star/> is part of social life,triple.aiml
0,WHAT ISA *,*,*,<think>#Newline<set var="tuples">#Newline<select><vars>?x</vars>#Newline<q><subj><star/></subj><pred>isa</pred><obj>?x</obj></q></select>#Newline</set>#Newline</think>#Newline<condition var="tuples">#Newline<li value="NIL">NIL</li>#Newline<li>#Newline<think><set var="head"><first><get var="tuples"/></first></set>#Newline<set var="tuples"><rest><get var="tuples"/></rest></set>#Newline</think>#NewlineCONS <get var="?x"><tuple><get var="head"/></tuple></get> <loop/></li>#Newline</condition>,triple.aiml
0,UNIQUEWORDS *,*,*,<star/>,triple.aiml
0,UNIQUEWORDS * *,*,*,<think>#Newline<set var="contains"><srai>CONTAINSLETTERLIST <star/> LIST <star index="2"/> END</srai></set>#Newline</think>#Newline<condition var="contains">#Newline<li value="true"><srai>UNIQUEWORDS <star index="2"/></srai></li>#Newline<li><star/> <srai>UNIQUEWORDS <star index="2"/></srai></li>#Newline</condition>,triple.aiml
0,SAMEPURPOSE * SAMEAS *,*,*,<think>#Newline<set var="p1"><srai>WHAT IS <star/> FOR</srai></set>#Newline<set var="p2"><srai>WHAT IS <star index="2"/> FOR</srai></set>#Newline</think>#Newline<srai>IS <get var="p1"/> EQUALTO <get var="p2"/></srai>,triple.aiml
0,SAMELIFEAREA * SAMEAS *,*,*,<think>#Newline<set var="a1"><srai>WHAT AREA OF LIFE IS <star/></srai></set>#Newline<set var="a2"><srai>WHAT AREA OF LIFE IS <star index="2"/></srai></set>#Newline</think>#Newline<srai>IS <get var="a1"/> EQUALTO <get var="a2"/></srai>,triple.aiml
0,CONTAINSLETTER * *,*,*,<srai>CONTAINSLETTERLIST <star/> LIST <explode><star index="2"/></explode> END</srai>,triple.aiml
0,CONTAINSLETTERLIST * LIST * END,*,*,<srai>IS <star/> EQUALTO <star index="2"/></srai>,triple.aiml
0,CONTAINSLETTERLIST * LIST * * END,*,*,<think><set var="firstletter">#Newline<srai>IS <star/> EQUALTO <star index="2"/></srai>#Newline</set>#Newline</think>#Newline<condition var="firstletter">#Newline<li value="true">true</li>#Newline<li><srai>CONTAINSLETTERLIST <star/> LIST <star index="3"/> END</srai></li>#Newline</condition>,triple.aiml
0,LETTERSINCOMMON * XWORD *,*,*,<think>#Newline<set var="any">false</set>#Newline<set var="letterlist"><explode><star/></explode> END</set></think>#Newline<condition var="letterlist">#Newline<li value="END"><condition value="false" var="any">None</condition></li>#Newline<li>#Newline<think><set var="first"><srai>FIRSTWORD <get var="letterlist"/></srai></set>#Newline<set var="letterlist"><srai>REMAININGWORDS <get var="letterlist"/></srai></set>#Newline<set var="contains"><srai>CONTAINSLETTER <get var="first"/> <star index="2"/></srai></set>#Newline</think>#Newline<condition value="true" var="contains">#Newline<think><set var="any">true</set></think>#Newline<get var="first"/>#Newline</condition>#Newline<loop/>#Newline</li>#Newline</condition>,triple.aiml
0,COMMASEPWORDS *,*,*,<star/>,triple.aiml
0,COMMASEPWORDS * *,*,*,<star/> and <star index="2"/>,triple.aiml
0,COMMASEPWORDS * * *,*,*,<star/>#Comma <srai>COMMASEPWORDS <star index="2"/> <star index="3"/></srai>,triple.aiml
0,COMMASEPLIST *,*,*,<star/>,triple.aiml
0,COMMASEPLIST CONS * NIL,*,*,<star/>,triple.aiml
0,COMMASEPLIST CONS * CONS * NIL,*,*,<star/> and <star index="2"/>,triple.aiml
0,COMMASEPLIST CONS *,*,*,<star/>#Comma <srai>COMMASEPLIST CONS <star/></srai>,triple.aiml
0,COMMONCLASSES * XOBJECT *,*,*,<think>#Newline<set var="c1"><srai>LISTOBJECTS SUBJ <star/> PRED isa</srai></set>#Newline<set var="c2"><srai>LISTOBJECTS SUBJ <star index="2"/> PRED isa</srai></set>#Newline</think>#Newline<condition var="c1">#Newline<li value="NIL">NIL</li>#Newline<li>#Newline<think>#Newline<set var="head"><srai>LISTCAR <get var="c1"/></srai></set>#Newline<set var="c1"><srai>LISTCDR <get var="c1"/></srai></set>#Newline<set var="member"><srai>LISTMEMBER <get var="head"/> OF LIST <get var="c2"/></srai></set>#Newline</think>#Newline<condition value="true" var="member">CONS <get var="head"/> </condition> <loop/></li>#Newline</condition>,triple.aiml
0,SINGULAR *,*,*,<map><name>singular</name><star/></map>,triple.aiml
0,PLURAL *,*,*,<map><name>plural</name><star/></map>,triple.aiml
0,GETOBJECT SUBJ * PRED *,*,*,<get var="?x"><tuple><first><select><vars>?x</vars><q><subj><star/></subj><pred><star index="2"/></pred><obj>?x</obj></q></select></first></tuple></get>,triple.aiml
0,LISTOBJECTS SUBJ * PRED *,*,*,<think>#Newline<set var="tuples"><select><vars>?x</vars><q><subj><star/></subj><pred><star index="2"/></pred><obj>?x</obj></q></select></set>#Newline</think>#Newline<condition var="tuples">#Newline<li value="NIL">NIL</li>#Newline<li><think>#Newline<set var="head"><first><get var="tuples"/></first></set>#Newline<set var="tuples"><rest><get var="tuples"/></rest></set>#Newline</think> CONS <get var="?x"><tuple><get var="head"/></tuple></get> <loop/></li>#Newline</condition>,triple.aiml
0,HOW DOES * DIFFER FROM *,*,*,<think>#Newline<set var="alike">true</set>#Newline<set var="word1"><star/></set>#Newline<set var="word2"><star index="2"/></set>#Newline<set var="name1"><srai>ISANAME <get var="word1"/></srai></set>#Newline<set var="name2"><srai>ISANAME <get var="word2"/></srai></set>#Newline<set var="size1"><srai>SIZEOF <get var="word1"/></srai></set>#Newline<set var="size2"><srai>SIZEOF <get var="word2"/></srai></set>#Newline<set var="gender1"><srai>GENDERNAME <get var="word1"/></srai></set>#Newline<set var="gender2"><srai>GENDERNAME <get var="word2"/></srai></set>#Newline<condition value="false" var="name1">#Newline<set var="word1"><formal><srai>SINGULAR <get var="word1"/></srai></formal></set>#Newline</condition>#Newline<condition value="false" var="name2">#Newline<set var="word2"><formal><srai>SINGULAR <get var="word2"/></srai></formal></set>#Newline</condition>#Newline<set var="purpose1"><srai>GETOBJECT SUBJ <get var="word1"/> PRED hasPurpose</srai></set>#Newline<set var="purpose2"><srai>GETOBJECT SUBJ <get var="word2"/> PRED hasPurpose</srai></set>#Newline<set var="samepurpose"><srai>IS <get var="purpose1"/> EQUALTO <get var="purpose2"/></srai></set>#Newline<set var="samesize"><srai>IS <get var="size1"/> EQUALTO <get var="size2"/></srai></set>#Newline<set var="area1"><srai>GETOBJECT SUBJ <get var="word1"/> PRED lifeArea</srai></set>#Newline<set var="area2"><srai>GETOBJECT SUBJ <get var="word2"/> PRED lifeArea</srai></set>#Newline<set var="samearea"><srai>IS <get var="area1"/> EQUALTO <get var="area2"/></srai></set>#Newline<set var="n1"><srai>SENTENCELENGTH <explode><get var="word1"/></explode></srai></set>#Newline<set var="n2"><srai>SENTENCELENGTH <explode><get var="word2"/></explode></srai></set>#Newline</think>#Newline<condition var="n1">#Newline<li><value><get var="n2"/></value></li>#Newline<li><get var="word1"/> has <get var="n1"/> letters#Comma and <get var="word2"/> has <get var="n2"/> letters.#Newline<think><set var="alike">false</set></think>#Newline</li>#Newline</condition>#Newline<condition var="name1">#Newline<li value="true">#Newline<condition value="false" var="name2"><get var="word1"/> is a common name#Comma but <get var="word2"/> is not. <think><set var="alike">false</set></think></condition>#Newline</li>#Newline<li><condition value="true" var="name2"><get var="word2"/> is a common name#Comma but <get var="word1"/> is not. <think><set var="alike">false</set></think></condition>#Newline</li>#Newline</condition>#Newline<condition var="size2">#Newline<li value="unknown"/>#Newline<li>#Newline<condition var="size1">#Newline<li value="unknown"/>#Newline<li>#Newline<condition value="false" var="samesize"><srai>IS <get var="word1"/> LARGER THAN <get var="word2"/></srai></condition>#Newline</li>#Newline</condition>#Newline</li>#Newline</condition>#Newline#Newline<condition var="purpose1">#Newline<li value="unknown"/>#Newline<li>#Newline  <condition var="purpose2">#Newline  <li value="unknown"/>#Newline  <li><condition value="false" var="samepurpose">#NewlineThey have different purposes: <get var="word1"/>'s purpose is <get var="purpose1"/>#Comma and <get var="word2"/>'s purpose is <get var="purpose2"/>.#Newline<think><set var="alike">false</set></think></condition>#Newline  </li>#Newline  </condition>#Newline</li>#Newline</condition>#Newline<condition var="area1">#Newline<li value="unknown"/>#Newline<li>#Newline  <condition var="area2">#Newline  <li value="unknown"/>#Newline  <li><condition value="false" var="samearea"><srai>ONELIFEAREA <get var="area1"/> <get var="word1"/></srai>#Comma and <srai>ONELIFEAREA <get var="area2"/> <get var="word2"/></srai>.#Newline<think><set var="alike">false</set></think></condition>#Newline  </li>#Newline  </condition>#Newline</li>#Newline</condition>#Newline<condition value="true" var="alike">They seem much the same to me.</condition>,triple.aiml
0,HOW IS * LIKE *,*,*,<think>#Newline<set var="alike">false</set>#Newline<set var="word1"><star/></set>#Newline<set var="word2"><star index="2"/></set>#Newline<set var="name1"><srai>ISANAME <get var="word1"/></srai></set>#Newline<set var="name2"><srai>ISANAME <get var="word2"/></srai></set>#Newline<set var="size1"><srai>SIZEOF <get var="word1"/></srai></set>#Newline<set var="size2"><srai>SIZEOF <get var="word2"/></srai></set>#Newline<set var="gender1"><srai>GENDERNAME <get var="word1"/></srai></set>#Newline<set var="gender2"><srai>GENDERNAME <get var="word2"/></srai></set>#Newline<condition value="false" var="name1">#Newline<set var="word1"><formal><srai>SINGULAR <get var="word1"/></srai></formal></set>#Newline</condition>#Newline<condition value="false" var="name2">#Newline<set var="word2"><formal><srai>SINGULAR <get var="word2"/></srai></formal></set>#Newline</condition>#Newline<set var="samepurpose"><srai>SAMEPURPOSE <get var="word1"/> SAMEAS <get var="word2"/></srai></set>#Newline<set var="samelifearea"><srai>SAMELIFEAREA <get var="word1"/> SAMEAS <get var="word2"/></srai></set>#Newline<set var="samesize"><srai>IS <get var="size1"/> EQUALTO <get var="size2"/></srai></set>#Newline<set var="commonclasses"><srai>COMMONCLASSES <get var="word1"/> XOBJECT <get var="word2"/></srai></set>#Newline<set var="commonletters"><srai>UNIQUEWORDS <srai>LETTERSINCOMMON <get var="word1"/> XWORD <get var="word2"/></srai></srai></set>#Newline<set var="n1"><srai>SENTENCELENGTH <explode><get var="word1"/></explode></srai></set>#Newline<set var="n2"><srai>SENTENCELENGTH <explode><get var="word2"/></explode></srai></set>#Newline</think>#Newline<srai>INTERJECTION</srai>..#Newline<get var="word1"/> and <get var="word2"/>?#Newline<condition value="true" var="name1">#Newline<condition value="true" var="name2">#NewlineThey are both common names of people.#Newline<think><set var="alike">true</set></think>#Newline<condition var="gender1"><value><get var="gender2"/></value>#NewlineThey are both <condition var="gender1"><li value="M">male</li><li>female</li></condition>.#Newline</condition>#Newline</condition>#Newline</condition>#Newline<condition var="commonclasses">#Newline<li value="NIL"/>#Newline<li>#Newline<think><set var="alike">true</set></think>#NewlineThey are both <srai>COMMASEPLIST <get var="commonclasses"/></srai>.#Newline</li>#Newline</condition>#Newline<condition var="n1"><value><get var="n2"/></value>#NewlineThey both have <get var="n1"/> letters.#Newline<think><set var="alike">true</set></think>#Newline</condition>#Newline<condition var="commonletters">#Newline<li value="None"/>#Newline<li>They have the letters <srai>COMMASEPWORDS <get var="commonletters"/></srai> in common.#Newline<think><set var="alike">true</set></think>#Newline</li>#Newline</condition>#Newline<condition value="true" var="samesize">#Newline<condition var="size1">#Newline<li value="unknown"/>#Newline<li>They are about the same size.</li>#Newline</condition>#Newline</condition>#Newline<condition value="true" var="samepurpose">They have the same purpose: <srai>WHAT IS <get var="word1"/> FOR</srai>. <think><set var="alike">true</set></think></condition>#Newline<condition value="true" var="samelifearea">#Newline<srai>BOTHLIFEAREA <srai>WHAT AREA OF LIFE IS <get var="word1"/></srai></srai>#Newline<think><set var="alike">true</set></think></condition>#Newline<condition value="false" var="alike">I don't know how they are alike.</condition>,triple.aiml
0,SIZEOF *,*,*,<get var="?x"><tuple><first><select><q><subj><star/></subj><pred>hasSize</pred><obj>?x</obj></q></select></first></tuple></get>,triple.aiml
0,SPEEDOF *,*,*,<get var="?x"><tuple><first><select><q><subj><star/></subj><pred>hasSpeed</pred><obj>?x</obj></q></select></first></tuple></get>,triple.aiml
0,LARGEROF * AND *,*,*,<think>#Newline<set var="thing1"><star/></set>#Newline<set var="thing2"><star index="2"/></set>#Newline<set var="result"><srai>IS <get var="thing1"/> LARGER THAN <get var="thing2"/></srai></set>#Newline</think>#Newline<condition var="result">#Newline<li value="YES"><get var="thing1"/></li>#Newline<li value="NO"><get var="thing2"/></li>#Newline<li>unknown</li>#Newline</condition>,triple.aiml
0,LARGEROF <SET>ENTITY</SET> AND <SET>ENTITY</SET>,*,*,<think>#Newline<set var="s1"><srai>SIZEOF <star/></srai></set>#Newline<set var="s2"><srai>SIZEOF <star index="2"/></srai></set>#Newline</think>#Newline<condition var="s1">#Newline<li value="unknown">unknown</li>#Newline<li>#Newline  <condition var="s2">#Newline  <li value="unknown">unknown</li>#Newline  <li><value><get var="s1"/></value>same</li>#Newline  <li><think><set var="larger"><srai>LARGEROF <get var="s1"/> <get var="s2"/></srai></set></think>#Newline    <condition var="larger">#Newline    <li><value><get var="s1"/></value><star/></li>#Newline    <li><star index="2"/></li>#Newline    </condition>#Newline  </li>#Newline  </condition>#Newline</li>#Newline</condition>,triple.aiml
0,FASTEROF <SET>ENTITY</SET> AND <SET>ENTITY</SET>,*,*,<think>#Newline<set var="s1"><srai>SPEEDOF <star/></srai></set>#Newline<set var="s2"><srai>SPEEDOF <star index="2"/></srai></set>#Newline</think>#Newline<condition var="s1">#Newline<li value="unknown">unknown</li>#Newline<li>#Newline  <condition var="s2">#Newline  <li value="unknown">unknown</li>#Newline  <li><value><get var="s1"/></value>same</li>#Newline  <li><think><set var="larger"><srai>LARGEROF <get var="s1"/> <get var="s2"/></srai></set></think>#Newline    <condition var="larger">#Newline    <li><value><get var="s1"/></value><star/></li>#Newline    <li><star index="2"/></li>#Newline    </condition>#Newline  </li>#Newline  </condition>#Newline</li>#Newline</condition>,triple.aiml
0,FASTEROF *,*,*,unknown,triple.aiml
0,LARGEROF *,*,*,unknown,triple.aiml
0,SMALLEROF <SET>ENTITY</SET> AND <SET>ENTITY</SET>,*,*,<think>#Newline<set var="s1"><srai>SIZEOF <star/></srai></set>#Newline<set var="s2"><srai>SIZEOF <star index="2"/></srai></set>#Newline</think>#Newline<condition var="s1">#Newline<li value="unknown">unknown</li>#Newline<li>#Newline  <condition var="s2">#Newline  <li value="unknown">unknown</li>#Newline  <li><value><get var="s1"/></value>same</li>#Newline  <li><think><set var="smaller"><srai>SMALLEROF <get var="s1"/> <get var="s2"/></srai></set></think>#Newline    <condition var="smaller">#Newline    <li><value><get var="s1"/></value><star/></li>#Newline    <li><star index="2"/></li>#Newline    </condition>#Newline  </li>#Newline  </condition>#Newline</li>#Newline</condition>,triple.aiml
0,SYLLABLES *,*,*,<think>#Newline<set var="result"><q><subj><star/></subj><pred>hasSyllables</pred></q></set>#Newline</think>#Newline<condition var="result">#Newline<li value="NIL">unknown</li>#Newline<li><object><srai>LISTCAR <get var="result"/></srai></object></li>#Newline</condition>,triple.aiml
0,IS * <SET>ARTICLE</SET> *,*,*,<srai>IS <star/> MEMBEROF <star index="3"/></srai>,triple.aiml
0,IS <SET>ARTICLE</SET> * *,*,*,<srai>IS <star index="2"/> MEMBEROF <star index="3"/></srai>,triple.aiml
0,IS <SET>ARTICLE</SET> * <SET>ARTICLE</SET> *,*,*,<srai>IS <star index="2"/> MEMBEROF <star index="4"/></srai>,triple.aiml
0,IS * MEMBEROF *,*,*,<think>#Newline<set var="types"><srai>WHAT ISA <star/></srai></set>#Newline<condition var="types">#Newline<li value="NIL"><set var="result"><sraix service="pannous">IS <star/> A <star index="2"/></sraix></set></li>#Newline<li><set var="result">No.</set></li>#Newline</condition>#Newline</think>#Newline<condition var="types">#Newline<li value="NIL"/>#Newline<li>#Newline<think>#Newline<set var="head"><srai>LISTCAR <get var="types"/></srai></set>#Newline<set var="types"><srai>LISTCDR <get var="types"/></srai></set>#Newline<condition><var>head</var><value><star index="2"/></value>#Newline<set var="result">Yes.</set>#Newline</condition>#Newline</think>#Newline<loop/>#Newline</li>#Newline</condition>#Newline<get var="result"/>,triple.aiml
0,ADDTRIPLE * * *,*,*,<addtriple><subj><star/></subj><pred><star index="2"/></pred><obj><star index="3"/></obj></addtriple>,triple.aiml
0,LIST TRIPLES,*,*,<select>#Newline<vars>?subj ?pred ?obj</vars>#Newline<q><subj>?subj</subj><pred>?pred</pred><obj>?obj</obj></q>#Newline</select>,triple.aiml
0,FIRST *,*,*,<first><star/></first>,triple.aiml
0,REST *,*,*,<rest><star/></rest>,triple.aiml
0,PRINT TRIPLES,*,*,<think>#Newline<set var="list"><srai>LIST TRIPLES</srai></set>#Newline</think>#Newline<condition var="list">#Newline<li value="NIL"/>#Newline<li><think>#Newline<set var="head"><first><get var="list"/></first></set>#Newline<set var="list"><rest><get var="list"/></rest></set>#Newline</think>#Newline["<get var="?subj"><tuple><get var="head"/></tuple></get>"#Comma"<get var="?pred"><tuple><get var="head"/></tuple></get>"#Comma"<get var="?obj"><tuple><get var="head"/></tuple></get>"]#Newline<loop/>#Newline</li>#Newline</condition>,triple.aiml
0,NAME <SET>NUMBER</SET> *,*,*,<think>#Newline<set var="number"><star/></set>#Newline<set var="singular"><map><name>singular</name><star index="2"/></map></set>#Newline<set var="tuples"><select><vars>?x</vars><q><subj>?x</subj><pred>isa</pred><obj><get var="singular"/></obj></q></select></set>#Newline<set var="count"><srai>COUNTWORDS <get var="tuples"/></srai></set>#Newline</think>#Newline<condition var="tuples">#Newline  <li value="NIL"><sraix>NAME <star/> <star index="2"/></sraix></li>#Newline  <li>I know <get var="count"/> <star index="2"/>.#Newline    <condition>#Newline    <li value="NIL" var="tuples"/>#Newline    <li value="0" var="number"/>#Newline    <li><think>#Newline          <set var="head"><first><get var="tuples"/></first></set>#Newline          <set var="tuples"><rest><get var="tuples"/></rest></set>#Newline          <set var="number"><map><name>predecessor</name><get var="number"/></map></set>#Newline        </think><get var="?x"><tuple><get var="head"/></tuple></get><condition><li value="NIL" var="tuples">.</li><li value="0" var="number">.</li><li>#Comma</li></condition> <loop/> </li>#Newline    </condition>#Newline  </li>#Newline</condition>,triple.aiml
0,<SET>NAME</SET> IS THE FATHER OF <SET>NAME</SET>,*,*,<think><srai>SETHESHE <star index="2"/></srai></think>#Newline  I see.  <star index="2"/> is <star/>'s <condition name="pronoun"><li value="he">son</li><li>daughter</li></condition>.#Newline<think>#Newline<addtriple><subj><star/></subj><pred>fatherOf</pred><obj><star index="2"/></obj></addtriple>#Newline<addtriple><subj><star/></subj><pred>parentOf</pred><obj><star index="2"/></obj></addtriple>#Newline</think>,triple.aiml
0,<SET>NAME</SET> IS THE MOTHER OF <SET>NAME</SET>,*,*,<think><srai>SETHESHE <star index="2"/></srai></think>#Newline  I see.  <star index="2"/> is <star/>'s <condition name="pronoun"><li value="he">son</li><li>daughter</li></condition>.#Newline<think>#Newline<addtriple><subj><star/></subj><pred>motherOf</pred><obj><star index="2"/></obj></addtriple>#Newline<addtriple><subj><star/></subj><pred>parentOf</pred><obj><star index="2"/></obj></addtriple>#Newline</think>,triple.aiml
0,GRANDFATHER OF <SET>NAME</SET>,*,*,<think><set var="tuples">#Newline<select><vars>?x</vars>#Newline<q><subj>?x</subj><pred>fatherOf</pred><obj>?y</obj></q>#Newline<q><subj>?y</subj><pred>parentOf</pred><obj><star/></obj></q>#Newline</select></set>#Newline</think>#Newline<condition var="tuples">#Newline<li value="NIL"/>#Newline<li><think><set var="head"><first><get var="tuples"/></first></set>#Newline<set var="tuples"><rest><get var="tuples"/></rest></set></think>#Newline<get var="?x"><tuple><get var="head"/></tuple></get> #Newline<get var="?A"><tuple><get var="head"/></tuple></get> #Newline<loop/>#Newline</li>#Newline</condition>,triple.aiml
0,WHO IS <SET>ERUP</SET>,*,*,<think>#Newline<set name="whowhat">who</set>#Newline</think><srai>WHICH IS <star/></srai>,triple.aiml
0,WHO IS <SET>ERDOWN</SET>,*,*,<think>#Newline<set name="whowhat">who</set>#Newline</think><srai>WHICH IS <star/></srai>,triple.aiml
0,WHAT IS <SET>ERUP</SET>,*,*,<think>#Newline<set name="whowhat">what</set>#Newline</think><srai>WHICH IS <star/></srai>,triple.aiml
0,WHAT IS <SET>ERDOWN</SET>,*,*,<think>#Newline<set name="whowhat">what</set>#Newline</think><srai>WHICH IS <star/></srai>,triple.aiml
0,WHICH IS <SET>ERUP</SET>,*,*,<think>#Newline<set var="tuples">#Newline<select>#Newline<vars>?x</vars>#Newline<q><subj>?x</subj><pred><star/> than</pred><obj>?y</obj></q>#Newline<q><subj>?y</subj><pred><star/> than</pred><obj>?z</obj></q>#Newline</select>#Newline</set>#Newline<set var="first"><first><get var="tuples"/></first></set>#Newline<set var="X"><get var="?x"><tuple><get var="first"/></tuple></get></set>#Newline</think>#Newline<condition var="X">#Newline<li value="unknown">I can't tell <condition name="whowhat"><li value="unknown">which</li><li><get name="whowhat"/></li></condition> is <star/>.</li>#Newline<li><formal><get var="X"/></formal> is <map><name>er2est</name><star/></map>.</li>#Newline</condition>,triple.aiml
0,WHICH IS <SET>ERDOWN</SET>,*,*,<think>#Newline<set var="opposite"><map><name>opposite</name><star/></map></set>#Newline<set var="tuples">#Newline<select>#Newline<vars>?z</vars>#Newline<q><subj>?x</subj><pred><get var="opposite"/> than</pred><obj>?y</obj></q>#Newline<q><subj>?y</subj><pred><get var="opposite"/> than</pred><obj>?z</obj></q>#Newline</select>#Newline</set>#Newline<set var="first"><first><get var="tuples"/></first></set>#Newline<set var="Z"><get var="?z"><tuple><get var="first"/></tuple></get></set>#Newline</think>#Newline<condition var="Z">#Newline<li value="unknown">I can't tell <condition name="whowhat"><li value="unknown">which</li><li><get name="whowhat"/></li></condition> is <star/>.</li>#Newline<li><formal><get var="Z"/></formal> is <map><name>er2est</name><star/></map>.</li>#Newline</condition>,triple.aiml
0,WHICH IS <SET>ERUP</SET> THAN *,*,*,<think><set var="tuples">#Newline<select><vars>?x</vars><q><subj>?x</subj><pred><star/> than</pred><obj><star index="2"/></obj></q></select>#Newline<select><vars>?x</vars>#Newline<q><subj>?x</subj><pred><star/> than</pred><obj>?y</obj></q>#Newline<q><subj>?y</subj><pred><star/> than</pred><obj><star index="2"/></obj></q>#Newline</select>#Newline</set>#Newline</think>#Newline<condition var="tuples">#Newline<li value="NIL NIL">I can't tell <condition name="whowhat"><li value="unknown">which</li><li><get name="whowhat"/></li></condition> is <star/>.</li>#Newline<li><think><set var="tuples"><srai>REMOVENILS <get var="tuples"/></srai></set></think>#Newline<condition var="tuples"><li value="NIL"/>#Newline<li><get var="?x"><tuple><first><get var="tuples"/></first></tuple></get><think><set var="tuples"><rest><get var="tuples"/></rest></set></think><condition var="tuples"><li value="NIL"/><li>#Comma</li></condition> <loop/></li>#Newline</condition>#Newline</li>#Newline</condition>,triple.aiml
0,WHICH IS <SET>ERDOWN</SET> THAN *,*,*,<think>#Newline<set var="opposite"><map><name>opposite</name><star/></map></set>#Newline<set var="tuples">#Newline<select><vars>?x</vars><q><subj><star index="2"/></subj><pred><get var="opposite"/> than</pred><obj>?x</obj></q></select>#Newline<select><vars>?x</vars>#Newline<q><subj><star index="2"/></subj><pred><get var="opposite"/> than</pred><obj>?y</obj></q>#Newline<q><subj>?y</subj><pred><get var="opposite"/> than</pred><obj>?x</obj></q>#Newline</select>#Newline</set>#Newline<!--#Newline<set var="tuples"><srai>REMOVENILS <get var="tuples"/></srai></set>#Newline-->#Newline</think>#Newline<condition var="tuples">#Newline<li value="NIL NIL">I can't tell <condition name="whowhat"><li value="unknown">which</li><li><get name="whowhat"/></li></condition> is <star/>.</li>#Newline<li><think><set var="tuples"><srai>REMOVENILS <get var="tuples"/></srai></set></think>#Newline<condition var="tuples"><li value="NIL"/>#Newline<li><get var="?x"><tuple><first><get var="tuples"/></first></tuple></get><think><set var="tuples"><rest><get var="tuples"/></rest></set></think><condition var="tuples"><li value="NIL"/><li>#Comma</li></condition> <loop/></li>#Newline</condition>#Newline</li>#Newline</condition>,triple.aiml
